{"v":"5.4.2","fr":60,"ip":0,"op":60,"w":100,"h":100,"nm":"screen clean icon","ddd":0,"assets":[],"layers":[{"ddd":0,"ind":1,"ty":4,"nm":"111","sr":1,"ks":{"o":{"a":0,"k":50,"ix":11},"r":{"a":1,"k":[{"i":{"x":[0.833],"y":[0.833]},"o":{"x":[0.167],"y":[0.167]},"n":["0p833_0p833_0p167_0p167"],"t":0,"s":[-16],"e":[29]},{"i":{"x":[0.833],"y":[0.833]},"o":{"x":[0.167],"y":[0.167]},"n":["0p833_0p833_0p167_0p167"],"t":30,"s":[29],"e":[-16]},{"t":59}],"ix":10},"p":{"a":1,"k":[{"i":{"x":0.833,"y":0.833},"o":{"x":0.167,"y":0.167},"n":"0p833_0p833_0p167_0p167","t":0,"s":[60.375,43,0],"e":[53.125,40.5,0],"to":[-1.20833337306976,-0.41666665673256,0],"ti":[0,0,0]},{"i":{"x":0.833,"y":0.833},"o":{"x":0.167,"y":0.167},"n":"0p833_0p833_0p167_0p167","t":30,"s":[53.125,40.5,0],"e":[60.375,43,0],"to":[0,0,0],"ti":[-1.20833337306976,-0.41666665673256,0]},{"t":59}],"ix":2},"a":{"a":0,"k":[10.5,19.5,0],"ix":1},"s":{"a":0,"k":[100,100,100],"ix":6}},"ao":0,"shapes":[{"ty":"gr","it":[{"ind":0,"ty":"sh","ix":1,"ks":{"a":1,"k":[{"i":{"x":0.833,"y":0.833},"o":{"x":0.167,"y":0.167},"n":"0p833_0p833_0p167_0p167","t":0,"s":[{"i":[[-1.01,-0.377],[0,0],[0.216,-1.01],[0.047,-0.819],[-0.148,-0.533],[0.149,-0.408],[1.082,0.394],[0,0],[0,0],[1.457,0.601],[0,0],[0.246,0.359],[-0.949,0.65],[-0.221,0.304],[-0.617,1.288]],"o":[[0,0],[0.967,0.362],[-0.303,1.422],[-0.022,0.374],[0.116,0.418],[-0.393,1.081],[0,0],[-1.203,-0.397],[0,0],[0,0],[-0.409,-0.148],[-0.649,-0.949],[0.452,-0.309],[0.481,-0.662],[0.466,-0.973]],"v":[[-1.152,-6.135],[5.967,-3.482],[7.276,-1.095],[6.751,2.266],[6.941,3.627],[6.891,4.896],[4.221,6.141],[-1.009,4.238],[-0.108,-1.304],[-4.914,2.818],[-5.951,2.439],[-6.958,1.658],[-6.415,-1.238],[-5.405,-2.158],[-3.759,-5.082]],"c":true}],"e":[{"i":[[-1.01,-0.377],[0,0],[0.216,-1.01],[0.047,-0.819],[-0.148,-0.533],[0.149,-0.408],[1.082,0.394],[0,0],[0,0],[2.219,0.336],[0,0],[0.246,0.359],[-0.949,0.65],[-0.221,0.304],[-0.617,1.288]],"o":[[0,0],[0.967,0.362],[-0.303,1.422],[-0.022,0.374],[0.116,0.418],[-0.393,1.081],[0,0],[-1.874,-0.908],[0,0],[0,0],[-0.409,-0.148],[-0.649,-0.949],[0.452,-0.309],[0.481,-0.662],[0.466,-0.973]],"v":[[-1.152,-6.135],[5.967,-3.482],[7.276,-1.095],[6.751,2.266],[6.941,3.627],[6.891,4.896],[4.221,6.141],[-1.009,4.238],[-3.048,3.47],[-4.914,2.818],[-5.951,2.439],[-6.958,1.658],[-6.415,-1.238],[-5.405,-2.158],[-3.759,-5.082]],"c":true}]},{"i":{"x":0.833,"y":0.833},"o":{"x":0.167,"y":0.167},"n":"0p833_0p833_0p167_0p167","t":30,"s":[{"i":[[-1.01,-0.377],[0,0],[0.216,-1.01],[0.047,-0.819],[-0.148,-0.533],[0.149,-0.408],[1.082,0.394],[0,0],[0,0],[2.219,0.336],[0,0],[0.246,0.359],[-0.949,0.65],[-0.221,0.304],[-0.617,1.288]],"o":[[0,0],[0.967,0.362],[-0.303,1.422],[-0.022,0.374],[0.116,0.418],[-0.393,1.081],[0,0],[-1.874,-0.908],[0,0],[0,0],[-0.409,-0.148],[-0.649,-0.949],[0.452,-0.309],[0.481,-0.662],[0.466,-0.973]],"v":[[-1.152,-6.135],[5.967,-3.482],[7.276,-1.095],[6.751,2.266],[6.941,3.627],[6.891,4.896],[4.221,6.141],[-1.009,4.238],[-3.048,3.47],[-4.914,2.818],[-5.951,2.439],[-6.958,1.658],[-6.415,-1.238],[-5.405,-2.158],[-3.759,-5.082]],"c":true}],"e":[{"i":[[-1.01,-0.377],[0,0],[0.216,-1.01],[0.047,-0.819],[-0.148,-0.533],[0.149,-0.408],[1.082,0.394],[0,0],[0,0],[1.457,0.601],[0,0],[0.246,0.359],[-0.949,0.65],[-0.221,0.304],[-0.617,1.288]],"o":[[0,0],[0.967,0.362],[-0.303,1.422],[-0.022,0.374],[0.116,0.418],[-0.393,1.081],[0,0],[-1.203,-0.397],[0,0],[0,0],[-0.409,-0.148],[-0.649,-0.949],[0.452,-0.309],[0.481,-0.662],[0.466,-0.973]],"v":[[-1.152,-6.135],[5.967,-3.482],[7.276,-1.095],[6.751,2.266],[6.941,3.627],[6.891,4.896],[4.221,6.141],[-1.009,4.238],[-0.108,-1.304],[-4.914,2.818],[-5.951,2.439],[-6.958,1.658],[-6.415,-1.238],[-5.405,-2.158],[-3.759,-5.082]],"c":true}]},{"t":59}],"ix":2,"x":"var $bm_rt;\n$bm_rt = content('\\u7ec4 1').content('\\u8def\\u5f84 1').path;"},"nm":"路径 1","mn":"ADBE Vector Shape - Group","hd":false},{"ty":"mm","mm":4,"nm":"合并路径 1","mn":"ADBE Vector Filter - Merge","hd":false},{"ty":"fl","c":{"a":0,"k":[1,1,1,1],"ix":4},"o":{"a":0,"k":100,"ix":5},"r":1,"nm":"填充 1","mn":"ADBE Vector Graphic - Fill","hd":false},{"ty":"tr","p":{"a":0,"k":[7.744,23.012],"ix":2},"a":{"a":0,"k":[0,0],"ix":1},"s":{"a":0,"k":[100,100],"ix":3},"r":{"a":0,"k":0,"ix":6},"o":{"a":0,"k":100,"ix":7},"sk":{"a":0,"k":0,"ix":4},"sa":{"a":0,"k":0,"ix":5},"nm":"变换"}],"nm":"组 1","np":3,"cix":2,"ix":1,"mn":"ADBE Vector Group","hd":false}],"ip":0,"op":61,"st":0,"bm":0},{"ddd":0,"ind":2,"ty":4,"nm":"clean","sr":1,"ks":{"o":{"a":0,"k":100,"ix":11},"r":{"a":1,"k":[{"i":{"x":[0.833],"y":[0.833]},"o":{"x":[0.167],"y":[0.167]},"n":["0p833_0p833_0p167_0p167"],"t":0,"s":[-9],"e":[16.2]},{"i":{"x":[0.833],"y":[0.833]},"o":{"x":[0.167],"y":[0.167]},"n":["0p833_0p833_0p167_0p167"],"t":30,"s":[16.2],"e":[-9]},{"i":{"x":[0.833],"y":[0.833]},"o":{"x":[0.167],"y":[0.167]},"n":["0p833_0p833_0p167_0p167"],"t":59,"s":[-9],"e":[-9]},{"t":120}],"ix":10},"p":{"a":0,"k":[63,26.5,0],"ix":2},"a":{"a":0,"k":[16,3,0],"ix":1},"s":{"a":0,"k":[100,100,100],"ix":6}},"ao":0,"shapes":[{"ty":"gr","it":[{"ind":0,"ty":"sh","ix":1,"ks":{"a":0,"k":{"i":[[1.037,0.377],[0.377,-1.038],[0,0],[0,0],[0.295,-0.811],[-0.81,-0.295],[0,0],[-0.295,0.81],[0.811,0.295],[0,0],[0,0]],"o":[[-1.038,-0.378],[0,0],[0,0],[-0.811,-0.295],[-0.296,0.811],[0,0],[0.811,0.295],[0.295,-0.811],[0,0],[0,0],[0.377,-1.038]],"v":[[4.918,-8.299],[2.355,-7.104],[-1.414,3.249],[-4.192,2.238],[-6.194,3.173],[-5.261,5.176],[3.549,8.382],[5.552,7.449],[4.618,5.445],[2.345,4.618],[6.113,-5.736]],"c":true},"ix":2},"nm":"路径 1","mn":"ADBE Vector Shape - Group","hd":false},{"ty":"fl","c":{"a":0,"k":[1,1,1,1],"ix":4},"o":{"a":0,"k":100,"ix":5},"r":1,"nm":"填充 1","mn":"ADBE Vector Graphic - Fill","hd":false},{"ty":"tr","p":{"a":0,"k":[12.476,8.721],"ix":2},"a":{"a":0,"k":[0,0],"ix":1},"s":{"a":0,"k":[100,100],"ix":3},"r":{"a":0,"k":0,"ix":6},"o":{"a":0,"k":100,"ix":7},"sk":{"a":0,"k":0,"ix":4},"sa":{"a":0,"k":0,"ix":5},"nm":"变换"}],"nm":"组 2","np":4,"cix":2,"ix":1,"mn":"ADBE Vector Group","hd":false}],"ip":0,"op":60,"st":0,"bm":0},{"ddd":0,"ind":3,"ty":4,"nm":"screen","sr":1,"ks":{"o":{"a":0,"k":100,"ix":11},"r":{"a":0,"k":0,"ix":10},"p":{"a":0,"k":[50,50,0],"ix":2},"a":{"a":0,"k":[25,18.5,0],"ix":1},"s":{"a":0,"k":[100,100,100],"ix":6}},"ao":0,"shapes":[{"ty":"gr","it":[{"ind":0,"ty":"sh","ix":1,"ks":{"a":0,"k":{"i":[[-0.376,-0.521],[-1.245,0],[0,0],[-1.044,1.446],[-0.643,0],[0,0],[0,-0.982],[0.312,-0.33],[2.633,0],[0,0],[1.807,1.915],[-0.714,0.674],[-0.455,0],[0,0]],"o":[[1.044,1.446],[0,0],[1.245,0],[0.376,-0.521],[0,0],[0.982,0],[0,0.454],[-1.807,1.915],[0,0],[-2.633,0],[-0.675,-0.715],[0.33,-0.311],[0,0],[0.643,0]],"v":[[-8.361,-2.17],[-4.928,0],[5.124,0],[8.557,-2.17],[10.178,-3],[22.911,-3],[24.689,-1.221],[24.204,0],[17.247,3],[-17.057,3],[-24.014,0],[-23.941,-2.515],[-22.719,-3],[-9.984,-3]],"c":true},"ix":2},"nm":"路径 1","mn":"ADBE Vector Shape - Group","hd":false},{"ty":"fl","c":{"a":0,"k":[1,1,1,1],"ix":4},"o":{"a":0,"k":100,"ix":5},"r":1,"nm":"填充 1","mn":"ADBE Vector Graphic - Fill","hd":false},{"ty":"tr","p":{"a":0,"k":[25.122,34.21],"ix":2},"a":{"a":0,"k":[0,0],"ix":1},"s":{"a":0,"k":[100,100],"ix":3},"r":{"a":0,"k":0,"ix":6},"o":{"a":0,"k":100,"ix":7},"sk":{"a":0,"k":0,"ix":4},"sa":{"a":0,"k":0,"ix":5},"nm":"变换"}],"nm":"组 1","np":4,"cix":2,"ix":1,"mn":"ADBE Vector Group","hd":false},{"ty":"gr","it":[{"ind":0,"ty":"sh","ix":1,"ks":{"a":0,"k":{"i":[[3.155,0],[0,0],[0,3.125],[0,0],[-3.155,0],[0,0],[0,0],[0,0],[0,-1.471],[0,0],[-1.501,0],[0,0],[0,1.471],[0,0],[0,0],[0,0]],"o":[[0,0],[-3.155,0],[0,0],[0,-3.125],[0,0],[0,0],[0,0],[-1.501,0],[0,0],[0,1.471],[0,0],[1.501,0],[0,0],[0,0],[0,0],[0,3.125]],"v":[[14.777,14],[-14.778,14],[-20.5,8.333],[-20.5,-8.333],[-14.778,-14],[-2.01,-14],[-2.01,-11],[-14.778,-11],[-17.5,-8.333],[-17.5,8.333],[-14.778,11],[14.777,11],[17.5,8.333],[17.5,-4.175],[20.5,-4.175],[20.5,8.333]],"c":true},"ix":2},"nm":"路径 1","mn":"ADBE Vector Shape - Group","hd":false},{"ty":"fl","c":{"a":0,"k":[1,1,1,1],"ix":4},"o":{"a":0,"k":100,"ix":5},"r":1,"nm":"填充 1","mn":"ADBE Vector Graphic - Fill","hd":false},{"ty":"tr","p":{"a":0,"k":[25,14.5],"ix":2},"a":{"a":0,"k":[0,0],"ix":1},"s":{"a":0,"k":[100,100],"ix":3},"r":{"a":0,"k":0,"ix":6},"o":{"a":0,"k":100,"ix":7},"sk":{"a":0,"k":0,"ix":4},"sa":{"a":0,"k":0,"ix":5},"nm":"变换"}],"nm":"组 2","np":2,"cix":2,"ix":2,"mn":"ADBE Vector Group","hd":false}],"ip":0,"op":60,"st":0,"bm":0}],"markers":[]}